first_name; last_name; email_1; phone_1; job_title; contact_type; company_id
Keith; Banks; sbanks0@lycos.com; 66-(399)415-7304; Biostatistician II; Hiring Authority;1
Julie; Pierce; mpierce1@answers.com; 234-(191)567-6959; Compensation Analyst; Interviewer;2
Jeremy; Wagner; wwagner2@vkontakte.ru; 33-(146)854-6936; Assistant Manager; Other;3
Jennifer; Washington; jwashington3@tinypic.com; 98-(538)385-0868; Systems Administrator III; Hiring Authority;4
Terry; Davis; bdavis4@dailymotion.com; 63-(100)583-1365; Technical Writer; Interviewer;5
James; Stephens; bstephens5@exblog.jp; 86-(638)208-5513; Media Manager II; Other;6
Carol; Hunter; jhunter6@furl.net; 30-(550)478-6169; Electrical Engineer; Hiring Authority;7
Margaret; Willis; rwillis7@examiner.com; 48-(508)788-6006; Cost Accountant; Interviewer;8
Ronald; Simpson; asimpson8@fastcompany.com; 62-(922)310-2654; Analog Circuit Design manager; Hiring Authority;9
Eric; Arnold; darnold9@miitbeian.gov.cn; 58-(951)835-6739; Financial Advisor; Interviewer;10
Jeffrey; Williamson; awilliamsona@thetimes.co.uk; 48-(941)657-4496; Speech Pathologist; Anthony;11
Michelle; Nichols; wnicholsb@instagram.com; 507-(209)223-8618; Account Representative I; Hiring Authority;12
Billy; Harris; dharrisc@flickr.com; 54-(543)898-6262; Executive Secretary; Interviewer;13
Carol; Boyd; kboydd@japanpost.jp; 48-(865)731-9986; Media Manager IV; Other;14
Virginia; Ferguson; kfergusone@chicagotribune.com; 357-(772)232-1835; VP Sales; Hiring Authority;15
Steve; Hart; chartf@msu.edu; 30-(207)997-4298; Staff Scientist; Interviewer;16
Margaret; Lynch; jlynchg@example.com; 54-(391)181-8924; Budget/Accounting Analyst III; Other;17
Jennifer; Davis; rdavish@dagondesign.com; 55-(315)155-5686; Statistician II; Hiring Authority;18
Bonnie; Mitchell; lmitchelli@networkadvertising.org; 967-(479)126-1638; Software Test Engineer IV; Interviewer;19

